{
    "name": "root",
    "gauges": {
        "CarSimulation.Policy.Entropy.mean": {
            "value": 0.836283802986145,
            "min": 0.8350272178649902,
            "max": 1.3311879634857178,
            "count": 26
        },
        "CarSimulation.Policy.Entropy.sum": {
            "value": 84130.1484375,
            "min": 83001.703125,
            "max": 132717.359375,
            "count": 26
        },
        "CarSimulation.Environment.LessonNumber.mass.mean": {
            "value": 0.0,
            "min": 0.0,
            "max": 0.0,
            "count": 26
        },
        "CarSimulation.Environment.LessonNumber.mass.sum": {
            "value": 0.0,
            "min": 0.0,
            "max": 0.0,
            "count": 26
        },
        "CarSimulation.Environment.LessonNumber.scale.mean": {
            "value": 0.0,
            "min": 0.0,
            "max": 0.0,
            "count": 26
        },
        "CarSimulation.Environment.LessonNumber.scale.sum": {
            "value": 0.0,
            "min": 0.0,
            "max": 0.0,
            "count": 26
        },
        "CarSimulation.Environment.EpisodeLength.mean": {
            "value": 902.3888888888889,
            "min": 428.6666666666667,
            "max": 15245.0,
            "count": 25
        },
        "CarSimulation.Environment.EpisodeLength.sum": {
            "value": 16243.0,
            "min": 2082.0,
            "max": 114027.0,
            "count": 25
        },
        "CarSimulation.Step.mean": {
            "value": 2899542.0,
            "min": 399942.0,
            "max": 2899542.0,
            "count": 26
        },
        "CarSimulation.Step.sum": {
            "value": 2899542.0,
            "min": 399942.0,
            "max": 2899542.0,
            "count": 26
        },
        "CarSimulation.Policy.ExtrinsicValueEstimate.mean": {
            "value": -0.023354750126600266,
            "min": -0.5049076676368713,
            "max": -0.00024654949083924294,
            "count": 26
        },
        "CarSimulation.Policy.ExtrinsicValueEstimate.sum": {
            "value": -2.6624414920806885,
            "min": -61.41092300415039,
            "max": -0.025148048996925354,
            "count": 26
        },
        "CarSimulation.Environment.CumulativeReward.mean": {
            "value": -1.2216666115240917,
            "min": -10.529999434947968,
            "max": -0.8949999362230301,
            "count": 25
        },
        "CarSimulation.Environment.CumulativeReward.sum": {
            "value": -21.989999007433653,
            "min": -271.4299822151661,
            "max": -0.9499998390674591,
            "count": 25
        },
        "CarSimulation.Policy.ExtrinsicReward.mean": {
            "value": -1.2216666115240917,
            "min": -10.529999434947968,
            "max": -0.8949999362230301,
            "count": 25
        },
        "CarSimulation.Policy.ExtrinsicReward.sum": {
            "value": -21.989999007433653,
            "min": -271.4299822151661,
            "max": -0.9499998390674591,
            "count": 25
        },
        "CarSimulation.Losses.PolicyLoss.mean": {
            "value": 0.09642780094356074,
            "min": 0.09142988313185392,
            "max": 0.10152995697364815,
            "count": 26
        },
        "CarSimulation.Losses.PolicyLoss.sum": {
            "value": 0.8678502084920466,
            "min": 0.30458987092094447,
            "max": 0.9714219826416142,
            "count": 26
        },
        "CarSimulation.Losses.ValueLoss.mean": {
            "value": 0.0012484760291978448,
            "min": 7.423962277668122e-06,
            "max": 0.01808647605651907,
            "count": 26
        },
        "CarSimulation.Losses.ValueLoss.sum": {
            "value": 0.011236284262780604,
            "min": 6.68156604990131e-05,
            "max": 0.11203931720742315,
            "count": 26
        },
        "CarSimulation.Policy.LearningRate.mean": {
            "value": 0.0001291221569593,
            "min": 0.0001291221569593,
            "max": 0.00027742534752488667,
            "count": 26
        },
        "CarSimulation.Policy.LearningRate.sum": {
            "value": 0.0011620994126337002,
            "min": 0.00083227604257466,
            "max": 0.00242848225050598,
            "count": 26
        },
        "CarSimulation.Policy.Epsilon.mean": {
            "value": 0.1430407,
            "min": 0.1430407,
            "max": 0.19247511333333336,
            "count": 26
        },
        "CarSimulation.Policy.Epsilon.sum": {
            "value": 1.2873663,
            "min": 0.5774253400000001,
            "max": 1.8094940200000003,
            "count": 26
        },
        "CarSimulation.Policy.Beta.mean": {
            "value": 0.0004361029300000001,
            "min": 0.0004361029300000001,
            "max": 0.0009255036220000003,
            "count": 26
        },
        "CarSimulation.Policy.Beta.sum": {
            "value": 0.003924926370000001,
            "min": 0.0027765108660000007,
            "max": 0.008113990798000001,
            "count": 26
        },
        "CarSimulation.IsTraining.mean": {
            "value": 1.0,
            "min": 1.0,
            "max": 1.0,
            "count": 26
        },
        "CarSimulation.IsTraining.sum": {
            "value": 1.0,
            "min": 1.0,
            "max": 1.0,
            "count": 26
        }
    },
    "metadata": {
        "timer_format_version": "0.1.0",
        "start_time_seconds": "1651933107",
        "python_version": "3.6.8 (tags/v3.6.8:3c6b436a57, Dec 24 2018, 00:16:47) [MSC v.1916 64 bit (AMD64)]",
        "command_line_arguments": "D:\\2022.03.02\\Lecture\\CapstoneDesign\\Prototype\\venv_prototype\\Scripts\\mlagents-learn config\\ppo\\CarSimulation.yaml --run-id=Tutorial_01 --time-scale 10 --resume",
        "mlagents_version": "0.28.0",
        "mlagents_envs_version": "0.28.0",
        "communication_protocol_version": "1.5.0",
        "pytorch_version": "1.7.1+cu110",
        "numpy_version": "1.19.5",
        "end_time_seconds": "1651940391"
    },
    "total": 7283.8541104000005,
    "count": 1,
    "self": 0.012765800000124727,
    "children": {
        "run_training.setup": {
            "total": 0.1184605,
            "count": 1,
            "self": 0.1184605
        },
        "TrainerController.start_learning": {
            "total": 7283.722884100001,
            "count": 1,
            "self": 1.7513837000406056,
            "children": {
                "TrainerController._reset_env": {
                    "total": 10.1808325,
                    "count": 1,
                    "self": 10.1808325
                },
                "TrainerController.advance": {
                    "total": 7271.704220899959,
                    "count": 53675,
                    "self": 2.9061183999247078,
                    "children": {
                        "env_step": {
                            "total": 5365.643058799925,
                            "count": 53675,
                            "self": 5181.457736799975,
                            "children": {
                                "SubprocessEnvManager._take_step": {
                                    "total": 183.21421289999637,
                                    "count": 53675,
                                    "self": 7.147411800011071,
                                    "children": {
                                        "TorchPolicy.evaluate": {
                                            "total": 176.0668010999853,
                                            "count": 53168,
                                            "self": 106.36801220000591,
                                            "children": {
                                                "TorchPolicy.sample_actions": {
                                                    "total": 69.69878889997939,