{
    "name": "root",
    "gauges": {
        "CarSimulation.Policy.Entropy.mean": {
            "value": 1.3174359798431396,
            "min": 1.3155869245529175,
            "max": 1.4189382791519165,
            "count": 100
        },
        "CarSimulation.Policy.Entropy.sum": {
            "value": 16323.03125,
            "min": 4851.5791015625,
            "max": 21284.07421875,
            "count": 100
        },
        "CarSimulation.Environment.LessonNumber.mass.mean": {
            "value": 0.0,
            "min": 0.0,
            "max": 0.0,
            "count": 100
        },
        "CarSimulation.Environment.LessonNumber.mass.sum": {
            "value": 0.0,
            "min": 0.0,
            "max": 0.0,
            "count": 100
        },
        "CarSimulation.Environment.LessonNumber.scale.mean": {
            "value": 0.0,
            "min": 0.0,
            "max": 0.0,
            "count": 100
        },
        "CarSimulation.Environment.LessonNumber.scale.sum": {
            "value": 0.0,
            "min": 0.0,
            "max": 0.0,
            "count": 100
        },
        "CarSimulation.Environment.EpisodeLength.mean": {
            "value": 1175.7777777777778,
            "min": 309.0,
            "max": 9642.0,
            "count": 96
        },
        "CarSimulation.Environment.EpisodeLength.sum": {
            "value": 10582.0,
            "min": 328.0,
            "max": 37572.0,
            "count": 96
        },
        "CarSimulation.Step.mean": {
            "value": 999955.0,
            "min": 9126.0,
            "max": 999955.0,
            "count": 100
        },
        "CarSimulation.Step.sum": {
            "value": 999955.0,
            "min": 9126.0,
            "max": 999955.0,
            "count": 100
        },
        "CarSimulation.Policy.ExtrinsicValueEstimate.mean": {
            "value": 0.7913749814033508,
            "min": -1.3256484270095825,
            "max": 5.646157264709473,
            "count": 100
        },
        "CarSimulation.Policy.ExtrinsicValueEstimate.sum": {
            "value": 12.661999702453613,
            "min": -14.582133293151855,
            "max": 95.66258239746094,
            "count": 100
        },
        "CarSimulation.Environment.CumulativeReward.mean": {
            "value": 24.18180075287819,
            "min": -1.8874801397323608,
            "max": 99.80994260311127,
            "count": 96
        },
        "CarSimulation.Environment.CumulativeReward.sum": {
            "value": 193.4544060230255,
            "min": -14.678720474243164,
            "max": 594.908809542656,
            "count": 96
        },
        "CarSimulation.Policy.ExtrinsicReward.mean": {
            "value": 24.18180075287819,
            "min": -1.8874801397323608,
            "max": 99.80994260311127,
            "count": 96
        },
        "CarSimulation.Policy.ExtrinsicReward.sum": {
            "value": 193.4544060230255,
            "min": -14.678720474243164,
            "max": 594.908809542656,
            "count": 96
        },
        "CarSimulation.IsTraining.mean": {
            "value": 1.0,
            "min": 1.0,
            "max": 1.0,
            "count": 100
        },
        "CarSimulation.IsTraining.sum": {
            "value": 1.0,
            "min": 1.0,
            "max": 1.0,
            "count": 100
        },
        "CarSimulation.Losses.PolicyLoss.mean": {
            "value": 0.0982475644710371,
            "min": 0.05826204378976469,
            "max": 0.10954561361761175,
            "count": 94
        },
        "CarSimulation.Losses.PolicyLoss.sum": {
            "value": 0.0982475644710371,
            "min": 0.05826204378976469,
            "max": 0.10954561361761175,
            "count": 94
        },
        "CarSimulation.Losses.ValueLoss.mean": {
            "value": 43.787946057294334,
            "min": 0.029798965698227764,
            "max": 103.75405283815721,
            "count": 94
        },
        "CarSimulation.Losses.ValueLoss.sum": {
            "value": 43.787946057294334,
            "min": 0.029798965698227764,
            "max": 103.75405283815721,
            "count": 94
        },
        "CarSimulation.Policy.LearningRate.mean": {
            "value": 2.1081992973000007e-06,
            "min": 2.1081992973000007e-06,
            "max": 0.0002960622013126,
            "count": 94
        },
        "CarSimulation.Policy.LearningRate.sum": {
            "value": 2.1081992973000007e-06,
            "min": 2.1081992973000007e-06,
            "max": 0.0002960622013126,
            "count": 94
        },
        "CarSimulation.Policy.Epsilon.mean": {
            "value": 0.1007027,
            "min": 0.1007027,
            "max": 0.19868740000000004,
            "count": 94
        },
        "CarSimulation.Policy.Epsilon.sum": {
            "value": 0.1007027,
            "min": 0.1007027,
            "max": 0.19868740000000004,
            "count": 94
        },
        "CarSimulation.Policy.Beta.mean": {
            "value": 1.6956730000000002e-05,
            "min": 1.6956730000000002e-05,
            "max": 0.0009870052600000003,
            "count": 94
        },
        "CarSimulation.Policy.Beta.sum": {
            "value": 1.6956730000000002e-05,
            "min": 1.6956730000000002e-05,
            "max": 0.0009870052600000003,
            "count": 94
        }
    },
    "metadata": {
        "timer_format_version": "0.1.0",
        "start_time_seconds": "1651810011",
        "python_version": "3.6.8 (tags/v3.6.8:3c6b436a57, Dec 24 2018, 00:16:47) [MSC v.1916 64 bit (AMD64)]",
        "command_line_arguments": "D:\\2022.03.02\\Lecture\\CapstoneDesign\\Prototype\\venv_prototype\\Scripts\\mlagents-learn config/ppo/CarSimulation.yaml --run-id=CS_16 --time-scale 5",
        "mlagents_version": "0.28.0",
        "mlagents_envs_version": "0.28.0",
        "communication_protocol_version": "1.5.0",
        "pytorch_version": "1.7.1+cu110",
        "numpy_version": "1.19.5",
        "end_time_seconds": "1651812198"
    },
    "total": 2187.4611048,
    "count": 1,
    "self": 0.021635100000366947,
    "children": {
        "run_training.setup": {
            "total": 0.1118558,
            "count": 1,
            "self": 0.1118558
        },
        "TrainerController.start_learning": {
            "total": 2187.3276139,
            "count": 1,
            "self": 2.8032669000390342,
            "children": {
                "TrainerController._reset_env": {
                    "total": 7.2916732,
                    "count": 1,
                    "self": 7.2916732
                },
                "TrainerController.advance": {
                    "total": 2177.057237899961,
                    "count": 67576,
                    "self": 4.475040899916166,
                    "children": {
                        "env_step": {
                            "total": 1375.165301600016,
                            "count": 67576,
                            "self": 1181.2996301999433,
                            "children": {
                                "SubprocessEnvManager._take_step": {
                                    "total": 192.41113140005868,
                                    "count": 67576,
                                    "self": 8.01155780008824,
                                    "children": {
                                        "TorchPolicy.evaluate": {
                                            "total": 184.39957359997044,
                                            "count": 67142,
                                            "self": 80.71672939997494,
                                            "children": {
                                                "TorchPolicy.sample_actions": {
                                                    "total": 103.6828441999955,
                                                    "count": 67142,