{"count":1,"self":534.89761279999993,"total":1367.9104588,"children":{"InitializeActuators":{"count":1,"self":0.0010008999999999999,"total":0.0010008999999999999,"children":null},"InitializeSensors":{"count":1,"self":0.0010368,"total":0.0010368,"children":null},"AgentSendState":{"count":552151,"self":1.8670951999999998,"total":10.4304832,"children":{"CollectObservations":{"count":110431,"self":3.1307088,"total":3.1307088,"children":null},"WriteActionMask":{"count":110431,"self":0.10772559999999999,"total":0.10772559999999999,"children":null},"RequestDecision":{"count":110431,"self":0.83922409999999992,"total":5.3249536,"children":{"AgentInfo.ToProto":{"count":110431,"self":0.9402235,"total":4.4857295,"children":{"GenerateSensorData":{"count":110431,"self":3.545506,"total":3.545506,"children":null}}}}}}},"DecideAction":{"count":552151,"self":821.01591039999994,"total":821.01591899999994,"children":null},"AgentAct":{"count":552151,"self":1.5623515,"total":1.5623515,"children":null},"AgentInfo.ToProto":{"count":13,"self":0.0010287999999999999,"total":0.0010287999999999999,"children":{"GenerateSensorData":{"count":13,"self":0,"total":0,"children":null}}}},"gauges":{"CarSimulation.CumulativeReward":{"count":13,"max":-1.06458092,"min":-3.19398069,"runningAverage":-1.52039337,"value":-2.03034282,"weightedAverage":-1.95075786}},"metadata":{"timer_format_version":"0.1.0","start_time_seconds":"1651804748","unity_version":"2020.3.33f1","command_line_arguments":"C:\\Program Files\\Unity\\Hub\\Editor\\2020.3.33f1\\Editor\\Unity.exe -projectpath D:\\2022.03.02\\Lecture\\CapstoneDesign\\Prototype\\Prototype01 -useHub -hubIPC -cloudEnvironment production -licensingIpc LicenseClient-Koesob -hubSessionId 5d016cb0-ccc9-11ec-afa4-7b32b2cb5019 -accessToken 8_fMFxzZQbrIfWhXhfLhvDzCxOfxL8lmnRrUTUFReJs00df","communication_protocol_version":"1.5.0","com.unity.ml-agents_version":"2.2.1-exp.1","scene_name":"CarAgent","end_time_seconds":"1651806116"}}