{"count":1,"self":24933.5758848,"total":36002.1753212,"children":{"InitializeActuators":{"count":55,"self":0.0040463,"total":0.0040463,"children":null},"InitializeSensors":{"count":55,"self":0.0030036999999999998,"total":0.0030036999999999998,"children":null},"AgentSendState":{"count":3196501,"self":40.9192032,"total":1392.7212812,"children":{"CollectObservations":{"count":8790466,"self":1210.6641408,"total":1210.6641497,"children":null},"WriteActionMask":{"count":8790430,"self":5.0760568,"total":5.0760565999999994,"children":null},"RequestDecision":{"count":8790430,"self":20.250736,"total":136.06187079999998,"children":{"AgentInfo.ToProto":{"count":8790430,"self":20.418673599999998,"total":115.8111342,"children":{"GenerateSensorData":{"count":8790430,"self":95.3924608,"total":95.39246,"children":null}}}}}}},"DecideAction":{"count":3196465,"self":9545.864806399999,"total":9545.8651677,"children":null},"AgentAct":{"count":3196465,"self":129.8872576,"total":129.8872592,"children":null},"AgentInfo.ToProto":{"count":3251,"self":0.0211812,"total":0.11586039999999999,"children":{"GenerateSensorData":{"count":3251,"self":0.094679199999999991,"total":0.094679199999999991,"children":null}}}},"gauges":{"CarSimulation.CumulativeReward":{"count":3251,"max":1541.73083,"min":-3E-06,"runningAverage":42.4357719,"value":458.996216,"weightedAverage":526.1841}},"metadata":{"timer_format_version":"0.1.0","start_time_seconds":"1653145962","unity_version":"2020.3.33f1","command_line_arguments":"C:\\Program Files\\Unity\\Hub\\Editor\\2020.3.33f1\\Editor\\Unity.exe -projectpath D:\\2022.03.02\\Lecture\\CapstoneDesign\\Prototype\\Prototype01 -useHub -hubIPC -cloudEnvironment production -licensingIpc LicenseClient-Koesob -hubSessionId e8cfb5f0-d915-11ec-a861-056f0dbc4f69 -accessToken mlCk-UenwauVhdGXwC-EQocgTsHN4OZ8pMvg7ckyYEI00df","communication_protocol_version":"1.5.0","com.unity.ml-agents_version":"2.2.1-exp.1","scene_name":"MultiBus","end_time_seconds":"1653181964"}}